{
    "exp_results": {
        "actions": [
            4065,
            94380,
            72230,
            84519,
            41397,
            121702,
            130812,
            91507,
            25247,
            112427,
            120674,
            29269,
            48236,
            109582,
            38587,
            44492,
            71467,
            77957,
            120047,
            91343,
            68075,
            50949,
            74185,
            109389,
            100172,
            43006,
            120220,
            34590,
            77615,
            85030,
            63452,
            4728,
            112839,
            68437,
            45531,
            98306,
            59618,
            58432,
            114699,
            4111,
            85415,
            45093,
            105297,
            90304,
            43583,
            83019,
            56109,
            9201,
            36243,
            67565,
            116261,
            1313,
            7454,
            15490,
            104798,
            42917,
            120971,
            50628,
            50676,
            42907,
            6472,
            108409,
            75591,
            100932,
            97670,
            24320,
            34965,
            111197,
            63978,
            128919,
            11975,
            31047,
            92914,
            83046,
            107959,
            112744,
            22706,
            122451,
            3898,
            6713
        ],
        "rewards": [
            0.2920873165130615,
            -0.47486695647239685,
            -0.6650258898735046,
            -0.40270093083381653,
            -0.45278483629226685,
            0.24426497519016266,
            -1.5001553297042847,
            0.5429056882858276,
            1.118769884109497,
            0.6702768802642822,
            0.5837442278862,
            -1.0994848012924194,
            -0.4502573311328888,
            2.150509834289551,
            -0.6126806735992432,
            5.32567834854126,
            -0.1532130390405655,
            -0.73306804895401,
            -0.8222611546516418,
            -0.7314051985740662,
            1.1059995889663696,
            -0.14223849773406982,
            2.6540753841400146,
            -1.194530963897705,
            -0.7383225560188293,
            0.47340017557144165,
            -0.15620604157447815,
            -1.7085387706756592,
            -1.6120957136154175,
            0.4211879372596741,
            -0.5508906245231628,
            -0.8271165490150452,
            0.5760952234268188,
            0.08470167964696884,
            -1.5807684659957886,
            1.4170113801956177,
            1.1538219451904297,
            0.9717773199081421,
            -0.8895716667175293,
            2.734954357147217,
            -0.22311750054359436,
            2.035975694656372,
            -0.11031248420476913,
            0.18200935423374176,
            -0.627778947353363,
            -0.9067983627319336,
            1.4004498720169067,
            -0.36312606930732727,
            0.6336285471916199,
            -0.776833176612854,
            -1.0556530952453613,
            -0.6453381776809692,
            0.7107828855514526,
            3.1391501426696777,
            -0.9571483135223389,
            -0.9882760047912598,
            0.7230875492095947,
            2.2700326442718506,
            -0.5828830599784851,
            -0.3935889005661011,
            -0.5576083660125732,
            1.7864210605621338,
            1.0611035823822021,
            -0.052646271884441376,
            0.47739094495773315,
            -0.42072585225105286,
            2.4613888263702393,
            -0.6496614813804626,
            0.44160720705986023,
            -1.1449127197265625,
            -0.4440716803073883,
            2.252140998840332,
            -1.5950020551681519,
            1.1145129203796387,
            -0.20216618478298187,
            -0.22398222982883453,
            -1.1310781240463257,
            -0.36585313081741333,
            -1.293501377105713,
            -0.3844100832939148
        ],
        "regrets": [
            17.588735580444336,
            35.94442558288574,
            54.49027442932129,
            72.7737979888916,
            91.10740661621094,
            108.74396514892578,
            128.12494277954102,
            145.46286010742188,
            162.22491264343262,
            179.4354591369629,
            196.7325382232666,
            215.71284675598145,
            234.0439281463623,
            249.77424144744873,
            268.26774501800537,
            280.82289028167725,
            298.8569269180298,
            317.4708185195923,
            336.173903465271,
            354.7861318588257,
            371.56095600128174,
            389.5840177536011,
            404.81076526641846,
            423.886118888855,
            442.5052652359009,
            459.91268825531006,
            477.9497175216675,
            497.5390787124634,
            517.0319967269897,
            534.4916315078735,
            552.9233446121216,
            571.6312837600708,
            588.9360113143921,
            606.7321329116821,
            626.1937246322632,
            642.6575365066528,
            659.3845376968384,
            676.2935838699341,
            695.0639791488647,
            710.2098474502563,
            728.3137884140015,
            744.1586360931396,
            762.149772644043,
            779.8485870361328,
            798.3571891784668,
            817.1448097229004,
            833.6251831054688,
            851.8691329956055,
            869.1163272857666,
            887.773983001709,
            906.7104587554932,
            925.2366199493408,
            942.406660079956,
            957.1483325958252,
            975.9863033294678,
            994.8554019927979,
            1012.0131378173828,
            1027.6239280700684,
            1046.0876350402832,
            1064.3620471954346,
            1082.8004779815674,
            1098.8948802947998,
            1115.714599609375,
            1133.6480693817139,
            1151.0515022277832,
            1169.3530521392822,
            1184.7724866867065,
            1203.3029718399048,
            1220.7421884536743,
            1239.7679243087769,
            1258.0928182601929,
            1273.7215003967285,
            1293.1973247528076,
            1309.9636344909668,
            1328.0466232299805,
            1346.1514282226562,
            1365.163330078125,
            1383.410005569458,
            1402.5843296051025,
            1420.8495635986328
        ],