{
    "exp_results": {
        "actions": [
            4065,
            94380,
            72230,
            84519,
            41397,
            121702,
            130812,
            91507,
            25247,
            112427,
            120674,
            29269,
            48236,
            109582,
            38587,
            44492,
            71467,
            77957,
            120047,
            91343,
            68075,
            50949,
            74185,
            109389,
            100172,
            43006,
            120220,
            34590,
            77615,
            85030,
            63452,
            4728,
            112839,
            68437,
            45531,
            98306,
            59618,
            58432,
            114699,
            4111,
            85415,
            45093,
            105297,
            90304,
            43583,
            83019,
            56109,
            9201,
            36243,
            67565,
            116261,
            1313,
            7454,
            15490,
            104798,
            42917,
            120971,
            50628,
            50676,
            42907,
            6472,
            108409,
            75591,
            100932,
            97670,
            24320,
            34965,
            111197,
            63978,
            128919,
            11975,
            31047,
            92914,
            83046,
            107959,
            112744,
            22706,
            122451,
            3898,
            6713
        ],
        "rewards": [
            -0.0010326592018827796,
            -0.5286089181900024,
            -1.0721482038497925,
            -0.5739039182662964,
            0.9782292246818542,
            0.32421281933784485,
            -0.3278745412826538,
            -1.0871134996414185,
            0.23282484710216522,
            1.6825953722000122,
            0.5858726501464844,
            0.4728015661239624,
            0.28556913137435913,
            0.6203925013542175,
            -0.741714596748352,
            -0.3080538809299469,
            -0.5359918475151062,
            -1.1723158359527588,
            -0.7158413529396057,
            1.9066091775894165,
            2.182502269744873,
            -0.7489644885063171,
            -0.24174104630947113,
            -0.11237447708845139,
            -0.12308292090892792,
            2.112398147583008,
            0.08988971263170242,
            0.6782582402229309,
            0.27033787965774536,
            0.18886007368564606,
            1.4446803331375122,
            -0.4944881200790405,
            0.556407630443573,
            -1.4601813554763794,
            -0.6158066987991333,
            0.11543042957782745,
            1.0404181480407715,
            -0.14543114602565765,
            1.0567138195037842,
            0.5518181920051575,
            -0.09814084321260452,
            0.8435415625572205,
            -0.09215468168258667,
            -0.7759685516357422,
            4.125661849975586,
            -0.6386204361915588,
            -0.950097918510437,
            -0.9699851870536804,
            0.49222323298454285,
            -0.7740396857261658,
            0.13272365927696228,
            1.4204033613204956,
            -0.48344704508781433,
            1.4040412902832031,
            1.0871100425720215,
            0.3635881841182709,
            1.1520261764526367,
            -0.4728715717792511,
            -0.6686174869537354,
            -0.4085540473461151,
            -1.141720175743103,
            0.7656555771827698,
            -0.2207895815372467,
            1.731082797050476,
            0.31150898337364197,
            -0.6498610377311707,
            -1.080528736114502,
            0.9779631495475769,
            -0.7820876836776733,
            -0.44719773530960083,
            0.7729054689407349,
            -1.372052550315857,
            -1.5384665727615356,
            0.4283047616481781,
            -0.3727038502693176,
            -0.3820157051086426,
            0.908989667892456,
            1.2399554252624512,
            -1.1371972560882568,
            -0.9818243384361267
        ],
        "regrets": [
            17.881855010986328,
            36.29128646850586,
            55.2442569732666,
            73.69898414611816,
            90.60157775878906,
            108.15818786621094,
            126.36688613891602,
            145.33482360839844,
            162.9828224182129,
            179.18104934692383,
            196.47599983215332,
            213.8840217590332,
            231.4792766571045,
            248.73970794677734,
            267.3622455596924,
            285.5511226654053,
            303.9679374694824,
            323.0210762023926,
            341.6177406311035,
            357.5919542312622,
            373.29027462005615,
            391.9200620651245,
            410.0426263809204,
            428.0358247756958,
            446.0397310256958,
            461.80815601348877,
            479.59908962249756,
            496.8016538619995,
            514.4121389389038,
            532.1041021347046,
            548.540244102478,
            566.9155550003052,
            584.2399702072144,
            603.5809755325317,
            622.0776052474976,
            639.8429975509644,
            656.6834020614624,
            674.7096567153931,
            691.533766746521,
            708.8627710342407,
            726.8417348861694,
            743.8790159225464,
            761.8519945144653,
            780.508786201477,
            794.2639474868774,
            812.7833909988403,
            831.614312171936,
            850.4651212692261,
            867.853720664978,
            886.508584022522,
            904.2566843032837,
            920.7171049118042,
            939.081374168396,
            955.5581560134888,
            972.3518686294556,
            989.8691034317017,
            1006.5979013442993,
            1024.9515962600708,
            1043.501036643982,
            1061.7904138565063,
            1080.8129568099976,
            1097.9281244277954,
            1116.0297365188599,
            1132.179476737976,
            1149.748791694641,
            1168.2794752120972,
            1187.2408266067505,
            1204.14368724823,
            1222.8065977096558,
            1241.134617805481,
            1258.2425355911255,
            1277.4954118728638,
            1296.9147024154663,
            1314.367220878601,
            1332.6207475662231,
            1350.8835859298706,
            1367.8554201126099,
            1384.4962873458862,
            1403.514307975769,
            1422.376955986023
        ],